plan_id,utility_score
c_p2-o_p1,11.92934931461514
c_p2-o_p2,14.295495045065051
c_p1-o_p1,18.582369370377403
c_p1-o_p2,23.023630095313628
