plan_id,utility_score
o_p1-c_p2,11.59930771895082
o_p1-c_p1,18.396535861915666
o_p2-c_p2,30.570688300018
o_p2-c_p1,50.17091707393315
