plan_id,utility_score
l_p2-o_p1-c_p2,12.376951570106916
l_p1-o_p1-c_p2,13.671329320266771
l_p2-o_p2-c_p2,14.71830921295112
l_p3-o_p1-c_p2,16.16513435395143
l_p1-o_p2-c_p2,16.355296539370386
l_p3-o_p2-c_p2,16.884568267194027
l_p2-o_p1-c_p1,19.35954409747527
l_p1-o_p1-c_p1,20.675621876235724
l_p2-o_p2-c_p1,23.405456564016784
l_p1-o_p2-c_p1,25.027444486244026
l_p3-o_p1-c_p1,25.34885835520458
l_p3-o_p2-c_p1,27.412624362471846
