plan_id,utility_score
o_p1-c_p2,11.606848235627815
o_p2-c_p2,13.733916581409128
o_p1-c_p1,18.578716812350564
o_p2-c_p1,22.428426062492424
