plan_id,utility_score
o_p1-c_p2,11.625306762601205
o_p2-c_p2,13.416707794023603
o_p1-c_p1,18.437770420949597
o_p2-c_p1,22.01875625216964
