plan_id,utility_score
l_p3,0.14556670776138575
l_p2,0.31627170801957943
l_p1,1.0153579614825774
