plan_id,utility_score
l_p3,0.2247681987647087
l_p2,0.29391822633411074
l_p1,0.9425786663637539
