plan_id,utility_score
l_p3,0.18602401192124465
l_p2,0.2940285880646054
l_p1,1.3699203684046406
