plan_id,utility_score
l_p3,0.13619847716912922
l_p2,0.29589613377976226
l_p1,0.9492181527069353
