plan_id,utility_score
o_p2,0.004367377992380183
o_p1,1.0437617048908991
