plan_id,utility_score
l_p3,0.22634043467224516
l_p2,0.7572065565163866
l_p1,2.020924028285358
