plan_id,utility_score
o_p2,0.05432839264673812
o_p1,1.0443120874547884
