plan_id,utility_score
l_p2,0.07280713958089295
l_p3,0.2445564724707876
l_p1,6.969426955875945
