plan_id,utility_score
c_p2-o_p1,11.69328010834965
c_p2-o_p2,13.311439295839163
c_p1-o_p1,18.54444953264399
c_p1-o_p2,21.88245436576496
