plan_id,utility_score
c_p1-o_p2,0.005727598352033105
c_p2-o_p2,0.005727598352033105
c_p1-o_p1,1.043289283942238
c_p2-o_p1,1.043289283942238
