plan_id,utility_score
l_p2,0.0781665427326553
l_p3,0.26311367716610734
l_p1,7.4523666675294375
