plan_id,utility_score
l_p2,0.07284202564975703
l_p3,0.40642882765859695
l_p1,6.970991256243384
