plan_id,utility_score
l_p2,0.07283632872752263
l_p3,0.3382435426735549
l_p1,6.9919281904647335
