plan_id,utility_score
o_p2,0.09590893984166102
o_p1,1.1125311675125589
