plan_id,utility_score
l_p2,0.07297797943178855
l_p3,0.336488186943491
l_p1,10.076858714277682
