plan_id,utility_score
l_p2,0.06422481436562036
l_p3,0.24899623487271802
l_p1,0.809221927571448
