plan_id,utility_score
l_p2,0.06918014315277538
l_p3,0.2684506702254152
l_p1,0.8672428298885168
