plan_id,utility_score
l_p2,0.06445422460708815
l_p3,0.344700088173617
l_p1,0.8086234706076
