plan_id,utility_score
o_p2,0.06928261434215216
o_p1,1.0547026313264556
