plan_id,utility_score
c_p2-o_p1-l_p2,12.193775201042179
c_p2-o_p1-l_p3,12.378336001575548
c_p2-o_p1-l_p1,12.929074078232594
c_p1-o_p1-l_p2,19.327250093765894
c_p1-o_p1-l_p3,19.49256525497488
c_p1-o_p1-l_p1,20.03955103717246
c_p2-o_p2-l_p2,31.28445781828224
c_p2-o_p2-l_p3,31.810084879318094
c_p2-o_p2-l_p1,33.35656694928776
c_p1-o_p2-l_p2,51.29556521239525
c_p1-o_p2-l_p3,51.76720764991743
c_p1-o_p2-l_p1,53.303159087049224
