plan_id,utility_score
l_p3,0.135248934681163
l_p2,0.2938238665455323
l_p1,0.9425742054906352
