plan_id,utility_score
o_p1-c_p2,10.966403163623315
o_p1-c_p1,17.708865266464656
o_p2-c_p2,31.11413302132351
o_p2-c_p1,50.244002644840485
