plan_id,utility_score
o_p2-c_p1,0.0994571040817813
o_p2-c_p2,0.0994571040817813
o_p1-c_p1,1.1084208356230658
o_p1-c_p2,1.1084208356230658
