plan_id,utility_score
c_p2-o_p1,10.508936655083888
c_p1-o_p1,17.251678589957173
c_p2-o_p2,30.39836414823261
c_p1-o_p2,49.90255676268514
