plan_id,utility_score
c_p1-o_p2,0.07316169172373636
c_p2-o_p2,0.07317416246664382
c_p1-o_p1,1.0652808118425108
c_p2-o_p1,1.0656324678297666
