plan_id,utility_score
c_p1-o_p2,0.07243135858011858
c_p2-o_p2,0.07348582866749596
c_p1-o_p1,1.0430102027831731
c_p2-o_p1,1.0671640624066427
