plan_id,utility_score
c_p1-o_p2-l_p2,0.11316252586101277
c_p2-o_p2-l_p2,0.11482710234954534
c_p1-o_p2-l_p3,0.46002471803867423
c_p2-o_p2-l_p3,0.46351231880827737
c_p1-o_p2-l_p1,1.0705475398250393
c_p1-o_p1-l_p2,1.0816654754619859
c_p2-o_p2-l_p1,1.0864509753185476
c_p2-o_p1-l_p2,1.0922875488718413
c_p1-o_p1-l_p3,1.7575005791347664
c_p2-o_p1-l_p3,1.7796776354757686
c_p2-o_p1-l_p1,1.8298178933162308
c_p1-o_p1-l_p1,1.835399487316057
