plan_id,utility_score
o_p2,0.21798487572243153
o_p1,1.123322252984248
