plan_id,utility_score
l_p2,0.07293071000342358
l_p3,0.24499792871997988
l_p1,7.012097360833072
