plan_id,utility_score
c_p2,10.811268406648509
c_p1,17.45834917030967
