plan_id,utility_score
o_p2,0.09945677486072454
o_p1,1.1084141800259055
