plan_id,utility_score
l_p3,0.14019943262338666
l_p2,0.2994298902863395
l_p1,0.9722811534306648
