plan_id,utility_score
l_p3,0.14539473519984927
l_p2,0.31351303858194024
l_p1,0.9974566811893041
