plan_id,utility_score
o_p2,0.0055346716512903816
o_p1,1.0573162020813271
