plan_id,utility_score
c_p2-o_p1,11.538150845661361
c_p2-o_p2,13.775447321479591
c_p1-o_p1,18.298429018613454
c_p1-o_p2,22.645229466245578
