plan_id,utility_score
l_p3,0.22653607158385716
l_p2,0.7572167909183377
l_p1,2.0218595603286627
