plan_id,utility_score
l_p3,0.3761521997394494
l_p2,0.7574833876758806
l_p1,2.022285229725279
