plan_id,utility_score
l_p3,0.31293686292336603
l_p2,0.7575550102501561
l_p1,2.0247188581188365
