plan_id,utility_score
a_p1,0.143988343709989
a_p3,0.18801102921881466
a_p2,1.0143901636841135
a_p5,1.0952550371604477
a_p4,1.3219800512434718
