plan_id,utility_score
o_p1-c_p2,10.546963843424104
o_p1-c_p1,17.34419198638895
o_p2-c_p2,30.41282414733758
o_p2-c_p1,50.01305292125273
