plan_id,utility_score
c_p2-o_p1,10.829470718434866
c_p1-o_p1,17.813847420589884
c_p2-o_p2,30.379132449621867
c_p1-o_p2,49.97190022465545
