plan_id,utility_score
o_p2-c_p1,0.07057165152259777
o_p2-c_p2,0.07092065061899219
o_p1-c_p2,1.0530279867457315
o_p1-c_p1,1.0627652401176821
