plan_id,utility_score
o_p2-l_p3,0.36577403814403187
o_p2-l_p2,1.0608716122377173
o_p1-l_p3,1.6896713063600635
o_p1-l_p2,1.8003586226322796
o_p2-l_p1,2.7183121514436075
o_p1-l_p1,3.0714549820155708
