plan_id,utility_score
o_p1-l_p3,0.24602115701129876
o_p2-l_p3,0.2802283499375484
o_p1-l_p2,0.7554548152471082
o_p2-l_p2,0.989660066026538
o_p1-l_p1,2.025070604127816
o_p2-l_p1,2.647153652298889
