plan_id,utility_score
o_p2,0.011901230300727619
o_p1,1.1136872126167006
