plan_id,utility_score
l_p3,0.22445519547077264
l_p2,0.29536334499899675
l_p1,0.9494837581032096
