plan_id,utility_score
c_p2,10.52683779116726
c_p1,17.281149811900153
