plan_id,utility_score
l_p3,0.18723511933754927
l_p2,0.2956285112618653
l_p1,0.9484620562036317
