plan_id,utility_score
o_p2,0.005742096999870459
o_p1,1.0468487871518626
