plan_id,utility_score
l_p3,0.18453381502605334
l_p2,0.30314786701181123
l_p1,1.4007521712437458
