plan_id,utility_score
c_p2-o_p1,12.316709518476245
c_p1-o_p1,19.533150318576876
c_p2-o_p2,28.623650087173992
c_p1-o_p2,47.05394382183698
