plan_id,utility_score
c_p2-o_p1,11.538208191731574
c_p2-o_p2,13.785768336626452
c_p1-o_p1,18.326528820563883
c_p1-o_p2,22.68037395240202
