plan_id,utility_score
o_p2,0.012744153304031357
o_p1,1.0450918210454436
