plan_id,utility_score
l_p3,0.13531512517354094
l_p2,0.2938457141058586
l_p1,0.9427921093133961
