plan_id,utility_score
c_p2,10.490934524485244
c_p1,17.24868309150205
