plan_id,utility_score
l_p3,0.18706177123439358
l_p2,0.2939950340146552
l_p1,0.9428756424559328
