plan_id,utility_score
o_p2,0.005727578336860173
o_p1,1.0432960954983597
