plan_id,utility_score
o_p2,0.005531992191511503
o_p1,1.0434258539893215
