plan_id,utility_score
c_p2-o_p1,11.203022305859543
c_p1-o_p1,18.419463105960173
c_p2-o_p2,28.611748856873266
c_p1-o_p2,47.04204259153625
