plan_id,utility_score
c_p2-o_p2,0.005731889655826507
c_p1-o_p2,0.005736487354517833
c_p2-o_p1,1.0432944692220398
c_p1-o_p1,1.0448914008357681
