plan_id,utility_score
c_p2,10.465761765354868
c_p1,17.210657402158372
