plan_id,utility_score
l_p2,0.06420921551175816
l_p3,0.24884174362244293
l_p1,0.8055141468125313
