plan_id,utility_score
c_p2-o_p1,11.55808581990273
c_p1-o_p1,18.330044024867316
c_p2-o_p2,30.650964279684064
c_p1-o_p2,50.38661201171003
