plan_id,utility_score
c_p2-o_p1,11.53966122809172
c_p2-o_p2,13.304994926879376
c_p1-o_p1,18.30082434400507
c_p1-o_p2,21.87186057447428
