plan_id,utility_score
o_p1-c_p2,11.906462749420532
o_p1-c_p1,18.890839451575552
o_p2-c_p2,30.539420853399946
o_p2-c_p1,50.13218862843353
