plan_id,utility_score
o_p1-c_p2,11.797811674554612
o_p2-c_p2,14.001104231748451
o_p1-c_p1,18.294785588245833
o_p2-c_p1,22.653806796775584
