plan_id,utility_score
o_p1-c_p2,11.571194521895162
o_p2-c_p2,13.327404963138994
o_p1-c_p1,18.358901596253716
o_p2-c_p1,21.877689912551904
