plan_id,utility_score
c_p2,10.483766859908743
c_p1,17.21035935559614
