plan_id,utility_score
l_p2,0.027244916910090258
l_p3,0.24350022382689762
l_p1,0.7440854274332804
