plan_id,utility_score
l_p2,0.014062256196887137
l_p3,0.18185553022377082
l_p1,0.7440854274332804
