plan_id,utility_score
o_p2,0.05527751269054512
o_p1,1.0497648884864506
