plan_id,utility_score
o_p1-l_p3,0.18487310637131857
o_p2-l_p3,0.5186159028594146
o_p1-l_p2,0.8265531130178717
o_p1-l_p1,2.1818853723473324
o_p2-l_p2,2.318651653885531
o_p2-l_p1,6.120700538114788
