plan_id,utility_score
c_p1-o_p1-l_p3,0.17857625978913103
c_p2-o_p1-l_p3,0.17857625978913103
c_p1-o_p2-l_p3,0.22521214841528928
c_p2-o_p2-l_p3,0.22521214841528928
c_p1-o_p1-l_p2,0.7974062541041207
c_p2-o_p1-l_p2,0.7974062541041207
c_p1-o_p2-l_p2,1.0056520158874305
c_p2-o_p2-l_p2,1.0056520158874305
c_p1-o_p1-l_p1,2.1055557968324092
c_p2-o_p1-l_p1,2.1055557968324092
c_p1-o_p2-l_p1,2.6554299276557867
c_p2-o_p2-l_p1,2.6554299276557867
