plan_id,utility_score
o_p2,0.07574348925004622
o_p1,1.107431324835704
