plan_id,utility_score
c_p2-o_p1,12.089725416607562
c_p1-o_p1,18.832187519448905
c_p2-o_p2,31.332117897045944
c_p1-o_p2,50.46198752056292
