plan_id,utility_score
c_p2-o_p1,11.973586650591598
c_p2-o_p2,13.78549865232866
c_p1-o_p1,18.65127794999867
c_p1-o_p2,22.202254671846887
