plan_id,utility_score
o_p1-l_p2,0.01114714422295367
o_p2-l_p2,0.031030572242660825
o_p1-l_p3,0.18141223820495336
o_p2-l_p3,0.5212945929035613
o_p1-l_p1,0.7522067019435074
o_p2-l_p1,2.0373871583273635
