plan_id,utility_score
c_p2-o_p1,10.861540169327156
c_p1-o_p1,17.845916871482174
c_p2-o_p2,30.699709257178025
c_p1-o_p2,50.29247703221162
