plan_id,utility_score
o_p2-l_p2,0.08533468487415997
o_p2-l_p3,0.3689063007857834
o_p2-l_p1,1.0215347538942297
o_p1-l_p2,1.0587775154031092
o_p1-l_p3,1.694956430340209
o_p1-l_p1,1.77151505623255
