plan_id,utility_score
c_p1-o_p1-l_p2,0.04413839750064631
c_p2-o_p1-l_p2,0.04413839750064631
c_p1-o_p2-l_p2,0.15555646352812474
c_p2-o_p2-l_p2,0.15555646352812474
c_p1-o_p1-l_p3,0.20754405127373785
c_p2-o_p1-l_p3,0.20754405127373785
c_p1-o_p2-l_p3,0.360834365310724
c_p2-o_p2-l_p3,0.360834365310724
c_p1-o_p1-l_p1,0.8001054219823056
c_p2-o_p1-l_p1,0.8001054219823056
c_p1-o_p2-l_p1,1.1052184674008674
c_p2-o_p2-l_p1,1.1052184674008674
