plan_id,utility_score
o_p1-l_p2,0.010909032045296498
o_p2-l_p2,0.014229350326760119
o_p1-l_p3,0.2488605150480218
o_p2-l_p3,0.2832729768797506
o_p1-l_p1,0.7253026745593838
o_p2-l_p1,0.9502288728399833
