plan_id,utility_score
o_p2,0.004363767781911029
o_p1,1.0428988990057952
