plan_id,utility_score
c_p2-o_p1,11.561221855933093
c_p1-o_p1,18.303963790806378
c_p2-o_p2,30.55864489297156
c_p1-o_p2,50.06283750742409
