plan_id,utility_score
c_p2-o_p1,11.906462749420532
c_p1-o_p1,18.890839451575552
c_p2-o_p2,30.539420853399946
c_p1-o_p2,50.13218862843353
