plan_id,utility_score
c_p2-o_p1,11.797811674554612
c_p2-o_p2,14.001104231748451
c_p1-o_p1,18.294785588245833
c_p1-o_p2,22.653806796775584
