plan_id,utility_score
c_p2-o_p1,11.707865289298983
c_p2-o_p2,13.951165810969188
c_p1-o_p1,18.53001580870885
c_p1-o_p2,22.85166499880569
