plan_id,utility_score
c_p2-o_p1-l_p2,11.768874230353202
c_p2-o_p1-l_p1,12.40575862664975
c_p2-o_p2-l_p2,14.008164795636358
c_p2-o_p2-l_p1,14.899883887037346
c_p2-o_p1-l_p3,16.356731522572762
c_p2-o_p2-l_p3,17.04052997902502
c_p1-o_p1-l_p2,18.61044173556681
c_p1-o_p1-l_p1,19.19618817349077
c_p1-o_p2-l_p2,22.92198297746994
c_p1-o_p2-l_p1,23.778585193970837
c_p1-o_p1-l_p3,25.69520572727715
c_p1-o_p2-l_p3,27.668679408183287
