plan_id,utility_score
c_p2-o_p1,11.917614733255288
c_p2-o_p2,13.637011592116233
c_p1-o_p1,18.8682123108241
c_p1-o_p2,22.34089560627066
