plan_id,utility_score
c_p2-o_p1,11.571194521895162
c_p2-o_p2,13.327404963138994
c_p1-o_p1,18.358901596253716
c_p1-o_p2,21.877689912551904
