plan_id,utility_score
l_p3,0.24371683120431648
l_p2,0.8157051391078092
l_p1,2.1740380337095138
