plan_id,utility_score
l_p3,0.3110345991960099
l_p2,0.7576795758435874
l_p1,2.9430701734424836
