plan_id,utility_score
o_p2,0.16028074473895412
o_p1,1.052285200849205
