plan_id,utility_score
l_p2,0.02785640703481856
l_p3,0.24689010900514025
l_p1,0.7533451297858472
