plan_id,utility_score
o_p2,0.15786415268041756
o_p1,1.0523438755267165
