plan_id,utility_score
l_p2,0.028947851527004166
l_p3,0.267295903959466
l_p1,0.7989959847437705
