plan_id,utility_score
l_p2,0.06421697713876443
l_p3,0.41352643213987506
l_p1,0.8055419281213567
