plan_id,utility_score
l_p2,0.02725464391324712
l_p3,0.4045094793181487
l_p1,0.7452013163374309
