plan_id,utility_score
c_p2,10.553951073196835
c_p1,17.31981436070286
