plan_id,utility_score
c_p2,10.552695538282887
c_p1,17.514083130218122
