plan_id,utility_score
l_p2,0.027321151570164383
l_p3,0.33587759498291514
l_p1,0.7475440254868941
