plan_id,utility_score
o_p2,0.07292234672978337
o_p1,1.0586640234619304
