plan_id,utility_score
o_p2,0.07123130824282212
o_p1,1.0443525459460794
