plan_id,utility_score
o_p2,0.07152641688312754
o_p1,1.0847235499413257
