plan_id,utility_score
l_p2,0.027522284785645924
l_p3,0.33594016989364267
l_p1,1.084491394006701
