plan_id,utility_score
l_p2,0.06436987440180487
l_p3,0.34194336812672965
l_p1,1.1766161770280186
