plan_id,utility_score
c_p2-o_p1,10.524893000944838
c_p1-o_p1,17.29685120590942
c_p2-o_p2,30.663708432988095
c_p1-o_p2,50.39935616501406
